1,Concept_ID Code Description,
2,ICD_A50 A50 Congenital syphilis,SYPHILLIS
3,"ICD_A500 A500 Early congenital syphilis, symptomatic",
4,ICD_A5001 A5001 Early congenital syphilitic oculopathy,
5,ICD_A5002 A5002 Early congenital syphilitic osteochondropathy,
6,ICD_A5003 A5003 Early congenital syphilitic pharyngitis,
7,ICD_A5004 A5004 Early congenital syphilitic pneumonia,
8,ICD_A5005 A5005 Early congenital syphilitic rhinitis,
9,ICD_A5006 A5006 Early cutaneous congenital syphilis,
10,ICD_A5007 A5007 Early mucocutaneous congenital syphilis,
11,"ICD_A5009 A5009 Other early congenital syphilis, symptomatic",
12,"ICD_A501 A501 Early congenital syphilis, latent",
13,"ICD_A502 A502 Early congenital syphilis, unspecified",
14,ICD_A503 A503 Late congenital syphilitic oculopathy,
15,ICD_A5031 A5031 Late congenital syphilitic interstitial keratitis,
16,ICD_A5032 A5032 Late congenital syphilitic chorioretinitis,
17,ICD_A5039 A5039 Other late congenital syphilitic oculopathy,
18,ICD_A504 A504 Late congenital neurosyphilis [juvenile neurosyphilis],
19,"ICD_A5040 A5040 Late congenital neurosyphilis, unspecified",
20,ICD_A5041 A5041 Late congenital syphilitic meningitis,
21,ICD_A5042 A5042 Late congenital syphilitic encephalitis,
22,ICD_A5043 A5043 Late congenital syphilitic polyneuropathy,
23,ICD_A5044 A5044 Late congenital syphilitic optic nerve atrophy,
24,ICD_A5045 A5045 Juvenile general paresis,
25,ICD_A5049 A5049 Other late congenital neurosyphilis,
26,"ICD_A505 A505 Other late congenital syphilis, symptomatic",
27,ICD_A5051 A5051 Clutton's joints,
28,ICD_A5052 A5052 Hutchinson's teeth,
29,ICD_A5053 A5053 Hutchinson's triad,
30,ICD_A5054 A5054 Late congenital cardiovascular syphilis,
31,"ICD_A5059 A5059 Other late congenital syphilis, symptomatic",
32,"ICD_A506 A506 Late congenital syphilis, latent",
33,"ICD_A507 A507 Late congenital syphilis, unspecified",
34,"ICD_A509 A509 Congenital syphilis, unspecified",
35,ICD_A925 A925 Zika virus disease,
36,ICD_D82 D82 Immunodeficiency associated with other major defects,
37,ICD_D821 D821 Di George's syndrome,
38,ICD_E25 E25 Adrenogenital disorders,
39,ICD_E250 E250 Congenital adrenogenital disorders associated with enzyme deficiency,
40,ICD_E258 E258 Other adrenogenital disorders,
41,"ICD_E259 E259 Adrenogenital disorder, unspecified",
42,ICD_E34 E34 Other endocrine disorders,
43,ICD_E343 E343 Short stature due to endocrine disorder,
44,ICD_E345 E345 Androgen insensitivity syndrome,
45,"ICD_E3450 E3450 Androgen insensitivity syndrome, unspecified",
46,ICD_E3451 E3451 Complete androgen insensitivity syndrome,
47,ICD_E3452 E3452 Partial androgen insensitivity syndrome,
48,ICD_E78 E78 Disorders of lipoprotein metabolism and other lipidemias,
49,ICD_E7872 E7872 Smith-Lemli-Opitz syndrome,
50,ICD_G12 G12 Spinal muscular atrophy and related syndromes,
51,"ICD_G120 G120 Infantile spinal muscular atrophy, type I [Werdnig-Hoffman]",
52,ICD_G121 G121 Other inherited spinal muscular atrophy,
53,"ICD_G129 G129 Spinal muscular atrophy, unspecified",
54,ICD_G60 G60 Hereditary and idiopathic neuropathy,
55,ICD_G600 G600 Hereditary motor and sensory neuropathy,
56,ICD_G601 G601 Refsum's disease,
57,ICD_G602 G602 Neuropathy in association with hereditary ataxia,
58,ICD_G71 G71 Primary disorders of muscles,MUSCLE
59,ICD_G710 G710 Muscular dystrophy,
60,"ICD_G7100 G7100 Muscular dystrophy, unspecified",
61,ICD_G7101 G7101 Duchenne or Becker muscular dystrophy,
62,ICD_G7102 G7102 Facioscapulohumeral muscular dystrophy,
63,ICD_G7109 G7109 Other specified muscular dystrophies,
64,ICD_G711 G711 Myotonic disorders,
65,ICD_G7111 G7111 Myotonic muscular dystrophy,
66,ICD_G7112 G7112 Myotonia congenita,
67,ICD_G7113 G7113 Myotonic chondrodystrophy,
68,ICD_G7119 G7119 Other specified myotonic disorders,
69,ICD_G712 G712 Congenital myopathies,
70,"ICD_G7120 G7120 Congenital myopathy, unspecified",
71,ICD_G7121 G7121 Nemaline myopathy,
72,ICD_G7122 G7122 Centronuclear myopathy,
73,ICD_G71220 G71220 X-linked myotubular myopathy,
74,ICD_G71228 G71228 Other centronuclear myopathy,
75,ICD_G7129 G7129 Other congenital myopathy,
76,"ICD_G713 G713 Mitochondrial myopathy, not elsewhere classified",
77,ICD_G718 G718 Other primary disorders of muscles,
78,"ICD_G719 G719 Primary disorder of muscle, unspecified",
79,ICD_G80 G80 Cerebral palsy,
80,ICD_G901 G901 Familial dysautonomia [Riley-Day],
81,ICD_K40 K40 Inguinal hernia,HERNIA
82,"ICD_K4000 K4000 Bilateral inguinal hernia, with obstruction, without gangrene, not specified as recurrent",
83,"ICD_K401 K401 Bilateral inguinal hernia, with gangrene",
84,"ICD_K4010 K4010 Bilateral inguinal hernia, with gangrene, not specified as recurrent",
85,"ICD_K402 K402 Bilateral inguinal hernia, without obstruction or gangrene",
86,"ICD_K4020 K4020 Bilateral inguinal hernia, without obstruction or gangrene, not specified as recurrent",
87,"ICD_K403 K403 Unilateral inguinal hernia, with obstruction, without gangrene",
88,"ICD_K4030 K4030 Unilateral inguinal hernia, with obstruction, without gangrene, not specified as recurrent",
89,"ICD_K4040 K4040 Unilateral inguinal hernia, with gangrene, not specified as recurrent",
90,"ICD_K409 K409 Unilateral inguinal hernia, without obstruction or gangrene",
91,"ICD_K4090 K4090 Unilateral inguinal hernia, without obstruction or gangrene, not specified as recurrent",
92,ICD_K41 K41 Femoral hernia,
93,"ICD_K410 K410 Bilateral femoral hernia, with obstruction, without gangrene",
94,"ICD_K4100 K4100 Bilateral femoral hernia, with obstruction, without gangrene, not specified as recurrent",
95,"ICD_K411 K411 Bilateral femoral hernia, with gangrene",
96,"ICD_K4110 K4110 Bilateral femoral hernia, with gangrene, not specified as recurrent",
97,"ICD_K412 K412 Bilateral femoral hernia, without obstruction or gangrene",
98,"ICD_K4120 K4120 Bilateral femoral hernia, without obstruction or gangrene, not specified as recurrent",
99,"ICD_K413 K413 Unilateral femoral hernia, with obstruction, without gangrene",
100,"ICD_K4130 K4130 Unilateral femoral hernia, with obstruction, without gangrene, not specified as recurrent",
101,"ICD_K414 K414 Unilateral femoral hernia, with gangrene",
102,"ICD_K4140 K4140 Unilateral femoral hernia, with gangrene, not specified as recurrent",
103,"ICD_K419 K419 Unilateral femoral hernia, without obstruction or gangrene",
104,"ICD_K4190 K4190 Unilateral femoral hernia, without obstruction or gangrene, not specified as recurrent",
105,ICD_L05 L05 Pilonidal cyst and sinus,
106,ICD_L059 L059 Pilonidal cyst and sinus without abscess,
107,ICD_L0591 L0591 Pilonidal cyst without abscess,
108,ICD_L0592 L0592 Pilonidal sinus without abscess,
109,ICD_L81 L81 Other disorders of pigmentation,
110,ICD_L813 L813 Caf√© au lait spots,
111,ICD_L814 L814 Other melanin hyperpigmentation,
112,"ICD_L819 L819 Disorder of pigmentation, unspecified",
113,ICD_M26 M26 Dentofacial anomalies [including malocclusion],
114,ICD_M260 M260 Major anomalies of jaw size,
115,ICD_M2601 M2601 Maxillary hyperplasia,
116,ICD_M2602 M2602 Maxillary hypoplasia,
117,ICD_M2603 M2603 Mandibular hyperplasia,
118,ICD_M2604 M2604 Mandibular hypoplasia,
119,ICD_M2605 M2605 Macrogenia,
120,ICD_M2606 M2606 Microgenia,
121,ICD_M2609 M2609 Other specified anomalies of jaw size,
122,ICD_M261 M261 Anomalies of jaw-cranial base relationship,
123,ICD_M2619 M2619 Other specified anomalies of jaw-cranial base relationship,
124,ICD_O364 O364 Maternal care for intrauterine death,
125,"ICD_P02 P02 Newborn affected by complications of placenta, cord and membranes",
126,ICD_P028 P028 Newborn affected by other abnormalities of membranes,
127,ICD_P293 P293 Persistent fetal circulation,
128,ICD_P2930 P2930 Pulmonary hypertension of newborn,
129,ICD_P2938 P2938 Other persistent fetal circulation,
130,ICD_P35 P35 Congenital viral diseases,
131,ICD_P350 P350 Congenital rubella syndrome,
132,ICD_P351 P351 Congenital cytomegalovirus infection,
133,ICD_P352 P352 Congenital herpesviral [herpes simplex] infection,
134,ICD_P353 P353 Congenital viral hepatitis,
135,ICD_P354 P354 Congenital Zika virus disease,
136,ICD_P358 P358 Other congenital viral diseases,
137,"ICD_P359 P359 Congenital viral disease, unspecified",
138,ICD_P37 P37 Other congenital infectious and parasitic diseases,
139,ICD_P370 P370 Congenital tuberculosis,
140,ICD_P371 P371 Congenital toxoplasmosis,
141,ICD_P95 P95 Stillbirth,
142,ICD_P96 P96 Other conditions originating in the perinatal period,
143,ICD_P961 P961 Neonatal withdrawal symptoms from maternal use of drugs of addiction,
144,ICD_Q00 Q00 Anencephaly and similar malformations,CNS
145,ICD_Q000 Q000 Anencephaly,
146,ICD_Q001 Q001 Craniorachischisis,
147,ICD_Q002 Q002 Iniencephaly,
148,ICD_Q01 Q01 Encephalocele,
149,ICD_Q010 Q010 Frontal encephalocele,
150,ICD_Q011 Q011 Nasofrontal encephalocele,
151,ICD_Q012 Q012 Occipital encephalocele,
152,ICD_Q018 Q018 Encephalocele of other sites,
153,"ICD_Q019 Q019 Encephalocele, unspecified",
154,ICD_Q02 Q02 Microcephaly,
155,ICD_Q03 Q03 Congenital hydrocephalus,
156,ICD_Q030 Q030 Malformations of aqueduct of Sylvius,
157,ICD_Q031 Q031 Atresia of foramina of Magendie and Luschka,
158,ICD_Q038 Q038 Other congenital hydrocephalus,
159,"ICD_Q039 Q039 Congenital hydrocephalus, unspecified",
160,ICD_Q04 Q04 Other congenital malformations of brain,
161,ICD_Q040 Q040 Congenital malformations of corpus callosum,
162,ICD_Q041 Q041 Arhinencephaly,
163,ICD_Q042 Q042 Holoprosencephaly,
164,ICD_Q043 Q043 Other reduction deformities of brain,
165,ICD_Q044 Q044 Septo-optic dysplasia of brain,
166,ICD_Q045 Q045 Megalencephaly,
167,ICD_Q046 Q046 Congenital cerebral cysts,
168,ICD_Q048 Q048 Other specified congenital malformations of brain,
169,"ICD_Q049 Q049 Congenital malformation of brain, unspecified",
170,ICD_Q05 Q05 Spina bifida,
171,ICD_Q050 Q050 Cervical spina bifida with hydrocephalus,
172,ICD_Q051 Q051 Thoracic spina bifida with hydrocephalus,
173,ICD_Q052 Q052 Lumbar spina bifida with hydrocephalus,
174,ICD_Q053 Q053 Sacral spina bifida with hydrocephalus,
175,ICD_Q054 Q054 Unspecified spina bifida with hydrocephalus,
176,ICD_Q055 Q055 Cervical spina bifida without hydrocephalus,
177,ICD_Q056 Q056 Thoracic spina bifida without hydrocephalus,
178,ICD_Q057 Q057 Lumbar spina bifida without hydrocephalus,
179,ICD_Q058 Q058 Sacral spina bifida without hydrocephalus,
180,"ICD_Q059 Q059 Spina bifida, unspecified",
181,ICD_Q06 Q06 Other congenital malformations of spinal cord,
182,ICD_Q060 Q060 Amyelia,
183,ICD_Q061 Q061 Hypoplasia and dysplasia of spinal cord,
184,ICD_Q062 Q062 Diastematomyelia,
185,ICD_Q063 Q063 Other congenital cauda equina malformations,
186,ICD_Q064 Q064 Hydromyelia,
187,ICD_Q068 Q068 Other specified congenital malformations of spinal cord,
188,"ICD_Q069 Q069 Congenital malformation of spinal cord, unspecified",
189,ICD_Q07 Q07 Other congenital malformations of nervous system,
190,ICD_Q070 Q070 Arnold-Chiari syndrome,
191,ICD_Q0700 Q0700 Arnold-Chiari syndrome without spina bifida or hydrocephalus,
192,ICD_Q0701 Q0701 Arnold-Chiari syndrome with spina bifida,
193,ICD_Q0702 Q0702 Arnold-Chiari syndrome with hydrocephalus,
194,ICD_Q0703 Q0703 Arnold-Chiari syndrome with spina bifida and hydrocephalus,
195,ICD_Q078 Q078 Other specified congenital malformations of nervous system,
196,"ICD_Q079 Q079 Congenital malformation of nervous system, unspecified",
197,"ICD_Q10 Q10 Congenital malformations of eyelid, lacrimal apparatus and orbit",EYE/EAR
198,ICD_Q100 Q100 Congenital ptosis,
199,ICD_Q101 Q101 Congenital ectropion,
200,ICD_Q102 Q102 Congenital entropion,
201,ICD_Q103 Q103 Other congenital malformations of eyelid,
202,ICD_Q104 Q104 Absence and agenesis of lacrimal apparatus,
203,ICD_Q105 Q105 Congenital stenosis and stricture of lacrimal duct,
204,ICD_Q106 Q106 Other congenital malformations of lacrimal apparatus,
205,ICD_Q107 Q107 Congenital malformation of orbit,
206,"ICD_Q11 Q11 Anophthalmos, microphthalmos and macrophthalmos",
207,ICD_Q110 Q110 Cystic eyeball,
208,ICD_Q111 Q111 Other anophthalmos,
209,ICD_Q112 Q112 Microphthalmos,
210,ICD_Q113 Q113 Macrophthalmos,
211,ICD_Q12 Q12 Congenital lens malformations,
212,ICD_Q120 Q120 Congenital cataract,
213,ICD_Q121 Q121 Congenital displaced lens,
214,ICD_Q122 Q122 Coloboma of lens,
215,ICD_Q123 Q123 Congenital aphakia,
216,ICD_Q124 Q124 Spherophakia,
217,ICD_Q128 Q128 Other congenital lens malformations,
218,"ICD_Q129 Q129 Congenital lens malformation, unspecified",
219,ICD_Q13 Q13 Congenital malformations of anterior segment of eye,
220,ICD_Q130 Q130 Coloboma of iris,
221,ICD_Q131 Q131 Absence of iris,
222,ICD_Q132 Q132 Other congenital malformations of iris,
223,ICD_Q133 Q133 Congenital corneal opacity,
224,ICD_Q134 Q134 Other congenital corneal malformations,
225,ICD_Q135 Q135 Blue sclera,
226,ICD_Q138 Q138 Other congenital malformations of anterior segment of eye,
227,ICD_Q1381 Q1381 Rieger's anomaly,
228,ICD_Q1389 Q1389 Other congenital malformations of anterior segment of eye,
229,"ICD_Q139 Q139 Congenital malformation of anterior segment of eye, unspecified",
230,ICD_Q14 Q14 Congenital malformations of posterior segment of eye,
231,ICD_Q140 Q140 Congenital malformation of vitreous humor,
232,ICD_Q141 Q141 Congenital malformation of retina,
233,ICD_Q142 Q142 Congenital malformation of optic disc,
234,ICD_Q143 Q143 Congenital malformation of choroid,
235,ICD_Q148 Q148 Other congenital malformations of posterior segment of eye,
236,"ICD_Q149 Q149 Congenital malformation of posterior segment of eye, unspecified",
237,ICD_Q15 Q15 Other congenital malformations of eye,
238,ICD_Q150 Q150 Congenital glaucoma,
239,ICD_Q158 Q158 Other specified congenital malformations of eye,
240,"ICD_Q159 Q159 Congenital malformation of eye, unspecified",
241,ICD_Q16 Q16 Congenital malformations of ear causing impairment of hearing,
242,ICD_Q160 Q160 Congenital absence of (ear) auricle,
243,"ICD_Q161 Q161 Congenital absence, atresia and stricture of auditory canal (external)",
244,ICD_Q162 Q162 Absence of eustachian tube,
245,ICD_Q163 Q163 Congenital malformation of ear ossicles,
246,ICD_Q164 Q164 Other congenital malformations of middle ear,
247,ICD_Q165 Q165 Congenital malformation of inner ear,
248,"ICD_Q169 Q169 Congenital malformation of ear causing impairment of hearing, unspecified",
249,ICD_Q17 Q17 Other congenital malformations of ear,
250,ICD_Q170 Q170 Accessory auricle,
251,ICD_Q171 Q171 Macrotia,
252,ICD_Q172 Q172 Microtia,
253,ICD_Q173 Q173 Other misshapen ear,
254,ICD_Q174 Q174 Misplaced ear,
255,ICD_Q175 Q175 Prominent ear,
256,ICD_Q178 Q178 Other specified congenital malformations of ear,
257,"ICD_Q179 Q179 Congenital malformation of ear, unspecified",
258,ICD_Q18 Q18 Other congenital malformations of face and neck,
259,"ICD_Q180 Q180 Sinus, fistula and cyst of branchial cleft",
260,ICD_Q181 Q181 Preauricular sinus and cyst,
261,ICD_Q182 Q182 Other branchial cleft malformations,
262,ICD_Q183 Q183 Webbing of neck,
263,ICD_Q184 Q184 Macrostomia,
264,ICD_Q185 Q185 Microstomia,
265,ICD_Q186 Q186 Macrocheilia,
266,ICD_Q187 Q187 Microcheilia,
267,ICD_Q188 Q188 Other specified congenital malformations of face and neck,
268,"ICD_Q189 Q189 Congenital malformation of face and neck, unspecified",
269,ICD_Q20 Q20 Congenital malformations of cardiac chambers and connections,HEART/MAJOR VESSELS
270,ICD_Q200 Q200 Common arterial trunk,
271,ICD_Q201 Q201 Double outlet right ventricle,
272,ICD_Q202 Q202 Double outlet left ventricle,
273,ICD_Q203 Q203 Discordant ventriculoarterial connection,
274,ICD_Q204 Q204 Double inlet ventricle,
275,ICD_Q205 Q205 Discordant atrioventricular connection,
276,ICD_Q206 Q206 Isomerism of atrial appendages,
277,ICD_Q208 Q208 Other congenital malformations of cardiac chambers and connections,
278,"ICD_Q209 Q209 Congenital malformation of cardiac chambers and connections, unspecified",
279,ICD_Q21 Q21 Congenital malformations of cardiac septa,
280,ICD_Q210 Q210 Ventricular septal defect,
281,ICD_Q211 Q211 Atrial septal defect,
282,ICD_Q212 Q212 Atrioventricular septal defect,
283,ICD_Q213 Q213 Tetralogy of Fallot,
284,ICD_Q214 Q214 Aortopulmonary septal defect,
285,ICD_Q218 Q218 Other congenital malformations of cardiac septa,
286,"ICD_Q219 Q219 Congenital malformation of cardiac septum, unspecified",
287,ICD_Q22 Q22 Congenital malformations of pulmonary and tricuspid valves,
288,ICD_Q220 Q220 Pulmonary valve atresia,
289,ICD_Q221 Q221 Congenital pulmonary valve stenosis,
290,ICD_Q222 Q222 Congenital pulmonary valve insufficiency,
291,ICD_Q223 Q223 Other congenital malformations of pulmonary valve,
292,ICD_Q224 Q224 Congenital tricuspid stenosis,
293,ICD_Q225 Q225 Ebstein's anomaly,
294,ICD_Q226 Q226 Hypoplastic right heart syndrome,
295,ICD_Q228 Q228 Other congenital malformations of tricuspid valve,
296,"ICD_Q229 Q229 Congenital malformation of tricuspid valve, unspecified",
297,ICD_Q23 Q23 Congenital malformations of aortic and mitral valves,
298,ICD_Q230 Q230 Congenital stenosis of aortic valve,
299,ICD_Q231 Q231 Congenital insufficiency of aortic valve,
300,ICD_Q232 Q232 Congenital mitral stenosis,
301,ICD_Q233 Q233 Congenital mitral insufficiency,
302,ICD_Q234 Q234 Hypoplastic left heart syndrome,
303,ICD_Q238 Q238 Other congenital malformations of aortic and mitral valves,
304,"ICD_Q239 Q239 Congenital malformation of aortic and mitral valves, unspecified",
305,ICD_Q24 Q24 Other congenital malformations of heart,
306,ICD_Q240 Q240 Dextrocardia,
307,ICD_Q241 Q241 Levocardia,
308,ICD_Q242 Q242 Cor triatriatum,
309,ICD_Q243 Q243 Pulmonary infundibular stenosis,
310,ICD_Q244 Q244 Congenital subaortic stenosis,
311,ICD_Q245 Q245 Malformation of coronary vessels,
312,ICD_Q246 Q246 Congenital heart block,
313,ICD_Q248 Q248 Other specified congenital malformations of heart,
314,"ICD_Q249 Q249 Congenital malformation of heart, unspecified",
315,ICD_Q25 Q25 Congenital malformations of great arteries,
316,ICD_Q250 Q250 Patent ductus arteriosus,
317,ICD_Q251 Q251 Coarctation of aorta,
318,ICD_Q252 Q252 Atresia of aorta,
319,ICD_Q2521 Q2521 Interruption of aortic arch,
320,ICD_Q2529 Q2529 Other atresia of aorta,
321,ICD_Q253 Q253 Supravalvular aortic stenosis,
322,ICD_Q254 Q254 Other congenital malformations of aorta,
323,ICD_Q2540 Q2540 Congenital malformation of aorta unspecified,
324,ICD_Q2541 Q2541 Absence and aplasia of aorta,
325,ICD_Q2542 Q2542 Hypoplasia of aorta,
326,ICD_Q2543 Q2543 Congenital aneurysm of aorta,
327,ICD_Q2544 Q2544 Congenital dilation of aorta,
328,ICD_Q2545 Q2545 Double aortic arch,
329,ICD_Q2546 Q2546 Tortuous aortic arch,
330,ICD_Q2547 Q2547 Right aortic arch,
331,ICD_Q2548 Q2548 Anomalous origin of subclavian artery,
332,ICD_Q2549 Q2549 Other congenital malformations of aorta,
333,ICD_Q255 Q255 Atresia of pulmonary artery,
334,ICD_Q256 Q256 Stenosis of pulmonary artery,
335,ICD_Q257 Q257 Other congenital malformations of pulmonary artery,
336,ICD_Q2571 Q2571 Coarctation of pulmonary artery,
337,ICD_Q2572 Q2572 Congenital pulmonary arteriovenous malformation,
338,ICD_Q2579 Q2579 Other congenital malformations of pulmonary artery,
339,ICD_Q258 Q258 Other congenital malformations of other great arteries,
340,"ICD_Q259 Q259 Congenital malformation of great arteries, unspecified",
341,ICD_Q26 Q26 Congenital malformations of great veins,
342,ICD_Q260 Q260 Congenital stenosis of vena cava,
343,ICD_Q261 Q261 Persistent left superior vena cava,
344,ICD_Q262 Q262 Total anomalous pulmonary venous connection,
345,ICD_Q263 Q263 Partial anomalous pulmonary venous connection,
346,"ICD_Q264 Q264 Anomalous pulmonary venous connection, unspecified",
347,ICD_Q265 Q265 Anomalous portal venous connection,
348,ICD_Q266 Q266 Portal vein-hepatic artery fistula,
349,ICD_Q268 Q268 Other congenital malformations of great veins,
350,"ICD_Q269 Q269 Congenital malformation of great vein, unspecified",
351,ICD_Q27 Q27 Other congenital malformations of peripheral vascular system,VESSELS
352,ICD_Q270 Q270 Congenital absence and hypoplasia of umbilical artery,
353,ICD_Q271 Q271 Congenital renal artery stenosis,
354,ICD_Q272 Q272 Other congenital malformations of renal artery,
355,ICD_Q273 Q273 Arteriovenous malformation (peripheral),
356,"ICD_Q2730 Q2730 Arteriovenous malformation, site unspecified",
357,ICD_Q2731 Q2731 Arteriovenous malformation of vessel of upper limb,
358,ICD_Q2732 Q2732 Arteriovenous malformation of vessel of lower limb,
359,ICD_Q2733 Q2733 Arteriovenous malformation of digestive system vessel,
360,ICD_Q2734 Q2734 Arteriovenous malformation of renal vessel,
361,"ICD_Q2739 Q2739 Arteriovenous malformation, other site",
362,ICD_Q274 Q274 Congenital phlebectasia,
363,ICD_Q278 Q278 Other specified congenital malformations of peripheral vascular system,
364,"ICD_Q279 Q279 Congenital malformation of peripheral vascular system, unspecified",
365,ICD_Q28 Q28 Other congenital malformations of circulatory system,
366,ICD_Q280 Q280 Arteriovenous malformation of precerebral vessels,
367,ICD_Q281 Q281 Other malformations of precerebral vessels,
368,ICD_Q282 Q282 Arteriovenous malformation of cerebral vessels,
369,ICD_Q283 Q283 Other malformations of cerebral vessels,
370,ICD_Q288 Q288 Other specified congenital malformations of circulatory system,
371,"ICD_Q289 Q289 Congenital malformation of circulatory system, unspecified",
372,ICD_Q30 Q30 Congenital malformations of nose,RESPIRATORY
373,ICD_Q300 Q300 Choanal atresia,
374,ICD_Q301 Q301 Agenesis and underdevelopment of nose,
375,"ICD_Q302 Q302 Fissured, notched and cleft nose",
376,ICD_Q303 Q303 Congenital perforated nasal septum,
377,ICD_Q308 Q308 Other congenital malformations of nose,
378,"ICD_Q309 Q309 Congenital malformation of nose, unspecified",
379,ICD_Q31 Q31 Congenital malformations of larynx,
380,ICD_Q310 Q310 Web of larynx,
381,ICD_Q311 Q311 Congenital subglottic stenosis,
382,ICD_Q312 Q312 Laryngeal hypoplasia,
383,ICD_Q313 Q313 Laryngocele,
384,ICD_Q315 Q315 Congenital laryngomalacia,
385,ICD_Q318 Q318 Other congenital malformations of larynx,
386,"ICD_Q319 Q319 Congenital malformation of larynx, unspecified",
387,ICD_Q32 Q32 Congenital malformations of trachea and bronchus,
388,ICD_Q320 Q320 Congenital tracheomalacia,
389,ICD_Q321 Q321 Other congenital malformations of trachea,
390,ICD_Q322 Q322 Congenital bronchomalacia,
391,ICD_Q323 Q323 Congenital stenosis of bronchus,
392,ICD_Q324 Q324 Other congenital malformations of bronchus,
393,ICD_Q33 Q33 Congenital malformations of lung,
394,ICD_Q330 Q330 Congenital cystic lung,
395,ICD_Q331 Q331 Accessory lobe of lung,
396,ICD_Q332 Q332 Sequestration of lung,
397,ICD_Q333 Q333 Agenesis of lung,
398,ICD_Q334 Q334 Congenital bronchiectasis,
399,ICD_Q335 Q335 Ectopic tissue in lung,
400,ICD_Q336 Q336 Congenital hypoplasia and dysplasia of lung,
401,ICD_Q338 Q338 Other congenital malformations of lung,
402,"ICD_Q339 Q339 Congenital malformation of lung, unspecified",
403,ICD_Q34 Q34 Other congenital malformations of respiratory system,
404,ICD_Q340 Q340 Anomaly of pleura,
405,ICD_Q341 Q341 Congenital cyst of mediastinum,
406,ICD_Q348 Q348 Other specified congenital malformations of respiratory system,
407,"ICD_Q349 Q349 Congenital malformation of respiratory system, unspecified",
408,ICD_Q35 Q35 Cleft palate,
409,ICD_Q351 Q351 Cleft hard palate,
410,ICD_Q353 Q353 Cleft soft palate,
411,ICD_Q355 Q355 Cleft hard palate with cleft soft palate,
412,ICD_Q357 Q357 Cleft uvula,
413,"ICD_Q359 Q359 Cleft palate, unspecified",
414,ICD_Q36 Q36 Cleft lip,
415,"ICD_Q360 Q360 Cleft lip, bilateral",
416,"ICD_Q361 Q361 Cleft lip, median",
417,"ICD_Q369 Q369 Cleft lip, unilateral",
418,ICD_Q37 Q37 Cleft palate with cleft lip,
419,ICD_Q370 Q370 Cleft hard palate with bilateral cleft lip,
420,ICD_Q371 Q371 Cleft hard palate with unilateral cleft lip,
421,ICD_Q372 Q372 Cleft soft palate with bilateral cleft lip,
422,ICD_Q373 Q373 Cleft soft palate with unilateral cleft lip,
423,ICD_Q374 Q374 Cleft hard and soft palate with bilateral cleft lip,
424,ICD_Q375 Q375 Cleft hard and soft palate with unilateral cleft lip,
425,ICD_Q378 Q378 Unspecified cleft palate with bilateral cleft lip,
426,ICD_Q379 Q379 Unspecified cleft palate with unilateral cleft lip,
427,"ICD_Q38 Q38 Other congenital malformations of tongue, mouth and pharynx",DIGESTIVE
428,"ICD_Q380 Q380 Congenital malformations of lips, not elsewhere classified",
429,ICD_Q381 Q381 Ankyloglossia,
430,ICD_Q382 Q382 Macroglossia,
431,ICD_Q383 Q383 Other congenital malformations of tongue,
432,ICD_Q384 Q384 Congenital malformations of salivary glands and ducts,
433,"ICD_Q385 Q385 Congenital malformations of palate, not elsewhere classified",
434,ICD_Q386 Q386 Other congenital malformations of mouth,
435,ICD_Q387 Q387 Congenital pharyngeal pouch,
436,ICD_Q388 Q388 Other congenital malformations of pharynx,
437,ICD_Q39 Q39 Congenital malformations of esophagus,
438,ICD_Q390 Q390 Atresia of esophagus without fistula,
439,ICD_Q391 Q391 Atresia of esophagus with tracheo-esophageal fistula,
440,ICD_Q392 Q392 Congenital tracheo-esophageal fistula without atresia,
441,ICD_Q393 Q393 Congenital stenosis and stricture of esophagus,
442,ICD_Q394 Q394 Esophageal web,
443,ICD_Q395 Q395 Congenital dilatation of esophagus,
444,ICD_Q396 Q396 Congenital diverticulum of esophagus,
445,ICD_Q398 Q398 Other congenital malformations of esophagus,
446,"ICD_Q399 Q399 Congenital malformation of esophagus, unspecified",
447,ICD_Q40 Q40 Other congenital malformations of upper alimentary tract,
448,ICD_Q400 Q400 Congenital hypertrophic pyloric stenosis,
449,ICD_Q401 Q401 Congenital hiatus hernia,
450,ICD_Q402 Q402 Other specified congenital malformations of stomach,
451,"ICD_Q403 Q403 Congenital malformation of stomach, unspecified",
452,ICD_Q408 Q408 Other specified congenital malformations of upper alimentary tract,
453,"ICD_Q409 Q409 Congenital malformation of upper alimentary tract, unspecified",
454,"ICD_Q41 Q41 Congenital absence, atresia and stenosis of small intestine",
455,"ICD_Q410 Q410 Congenital absence, atresia and stenosis of duodenum",
456,"ICD_Q411 Q411 Congenital absence, atresia and stenosis of jejunum",
457,"ICD_Q412 Q412 Congenital absence, atresia and stenosis of ileum",
458,"ICD_Q418 Q418 Congenital absence, atresia and stenosis of other specified parts of small intestine",
459,"ICD_Q419 Q419 Congenital absence, atresia and stenosis of small intestine, part unspecified",
460,"ICD_Q42 Q42 Congenital absence, atresia and stenosis of large intestine",
461,"ICD_Q420 Q420 Congenital absence, atresia and stenosis of rectum with fistula",
462,"ICD_Q421 Q421 Congenital absence, atresia and stenosis of rectum without fistula",
463,"ICD_Q422 Q422 Congenital absence, atresia and stenosis of anus with fistula",
464,"ICD_Q423 Q423 Congenital absence, atresia and stenosis of anus without fistula",
465,"ICD_Q428 Q428 Congenital absence, atresia and stenosis of other parts of large intestine",
466,"ICD_Q429 Q429 Congenital absence, atresia and stenosis of large intestine, part unspecified",
467,ICD_Q43 Q43 Other congenital malformations of intestine,
468,ICD_Q430 Q430 Meckel's diverticulum (displaced) (hypertrophic),
469,ICD_Q431 Q431 Hirschsprung's disease,
470,ICD_Q432 Q432 Other congenital functional disorders of colon,
471,ICD_Q433 Q433 Congenital malformations of intestinal fixation,
472,ICD_Q434 Q434 Duplication of intestine,
473,ICD_Q435 Q435 Ectopic anus,
474,ICD_Q436 Q436 Congenital fistula of rectum and anus,
475,ICD_Q437 Q437 Persistent cloaca,
476,ICD_Q438 Q438 Other specified congenital malformations of intestine,
477,"ICD_Q439 Q439 Congenital malformation of intestine, unspecified",
478,"ICD_Q44 Q44 Congenital malformations of gallbladder, bile ducts and liver",
479,"ICD_Q440 Q440 Agenesis, aplasia and hypoplasia of gallbladder",
480,ICD_Q441 Q441 Other congenital malformations of gallbladder,
481,ICD_Q442 Q442 Atresia of bile ducts,
482,ICD_Q443 Q443 Congenital stenosis and stricture of bile ducts,
483,ICD_Q444 Q444 Choledochal cyst,
484,ICD_Q445 Q445 Other congenital malformations of bile ducts,
485,ICD_Q446 Q446 Cystic disease of liver,
486,ICD_Q447 Q447 Other congenital malformations of liver,
487,ICD_Q45 Q45 Other congenital malformations of digestive system,
488,"ICD_Q450 Q450 Agenesis, aplasia and hypoplasia of pancreas",
489,ICD_Q451 Q451 Annular pancreas,
490,ICD_Q452 Q452 Congenital pancreatic cyst,
491,ICD_Q453 Q453 Other congenital malformations of pancreas and pancreatic duct,
492,ICD_Q458 Q458 Other specified congenital malformations of digestive system,
493,"ICD_Q459 Q459 Congenital malformation of digestive system, unspecified",
494,"ICD_Q50 Q50 Congenital malformations of ovaries, fallopian tubes and broad ligaments",GENITAL
495,ICD_Q500 Q500 Congenital absence of ovary,
496,"ICD_Q5001 Q5001 Congenital absence of ovary, unilateral",
497,"ICD_Q5002 Q5002 Congenital absence of ovary, bilateral",
498,ICD_Q501 Q501 Developmental ovarian cyst,
499,ICD_Q502 Q502 Congenital torsion of ovary,
500,ICD_Q503 Q503 Other congenital malformations of ovary,
501,ICD_Q5031 Q5031 Accessory ovary,
502,ICD_Q5032 Q5032 Ovarian streak,
503,ICD_Q5039 Q5039 Other congenital malformation of ovary,
504,ICD_Q504 Q504 Embryonic cyst of fallopian tube,
505,ICD_Q505 Q505 Embryonic cyst of broad ligament,
506,ICD_Q506 Q506 Other congenital malformations of fallopian tube and broad ligament,
507,ICD_Q51 Q51 Congenital malformations of uterus and cervix,
508,ICD_Q510 Q510 Agenesis and aplasia of uterus,
509,ICD_Q511 Q511 Doubling of uterus with doubling of cervix and vagina,
510,ICD_Q5110 Q5110 Doubling of uterus with doubling of cervix and vagina without obstruction,
511,ICD_Q5111 Q5111 Doubling of uterus with doubling of cervix and vagina with obstruction,
512,ICD_Q512 Q512 Other doubling of uterus,
513,ICD_Q5120 Q5120 NA,
514,ICD_Q5121 Q5121 Complete doubling of uterus,
515,ICD_Q5122 Q5122 Partial doubling of uterus,
516,ICD_Q5128 Q5128 Other and unspecified doubling of uterus,
517,ICD_Q513 Q513 Bicornate uterus,
518,ICD_Q514 Q514 Unicornate uterus,
519,ICD_Q515 Q515 Agenesis and aplasia of cervix,
520,ICD_Q516 Q516 Embryonic cyst of cervix,
521,ICD_Q517 Q517 Congenital fistulae between uterus and digestive and urinary tracts,
522,ICD_Q518 Q518 Other congenital malformations of uterus and cervix,
523,ICD_Q5181 Q5181 Other congenital malformations of uterus,
524,ICD_Q51810 Q51810 Arcuate uterus,
525,ICD_Q51811 Q51811 Hypoplasia of uterus,
526,ICD_Q51818 Q51818 Other congenital malformations of uterus,
527,ICD_Q5182 Q5182 Other congenital malformations of cervix,
528,ICD_Q51820 Q51820 Cervical duplication,
529,ICD_Q51821 Q51821 Hypoplasia of cervix,
530,ICD_Q51828 Q51828 Other congenital malformations of cervix,
531,"ICD_Q519 Q519 Congenital malformation of uterus and cervix, unspecified",
532,ICD_Q52 Q52 Other congenital malformations of female genitalia,
533,ICD_Q520 Q520 Congenital absence of vagina,
534,ICD_Q521 Q521 Doubling of vagina,
535,"ICD_Q5210 Q5210 Doubling of vagina, unspecified",
536,ICD_Q5211 Q5211 Transverse vaginal septum,
537,ICD_Q5212 Q5212 Longitudinal vaginal septum,
538,"ICD_Q52120 Q52120 Longitudinal vaginal septum, nonobstructing",
539,"ICD_Q52121 Q52121 Longitudinal vaginal septum, obstructing, right side",
540,"ICD_Q52122 Q52122 Longitudinal vaginal septum, obstructing, left side",
541,"ICD_Q52123 Q52123 Longitudinal vaginal septum, microperforate, right side",
542,"ICD_Q52124 Q52124 Longitudinal vaginal septum, microperforate, left side",
543,ICD_Q52129 Q52129 Other and unspecified longitudinal vaginal septum,
544,ICD_Q522 Q522 Congenital rectovaginal fistula,
545,ICD_Q523 Q523 Imperforate hymen,
546,ICD_Q524 Q524 Other congenital malformations of vagina,
547,ICD_Q525 Q525 Fusion of labia,
548,ICD_Q526 Q526 Congenital malformation of clitoris,
549,ICD_Q527 Q527 Other and unspecified congenital malformations of vulva,
550,ICD_Q5270 Q5270 Unspecified congenital malformations of vulva,
551,ICD_Q5271 Q5271 Congenital absence of vulva,
552,ICD_Q5279 Q5279 Other congenital malformations of vulva,
553,ICD_Q528 Q528 Other specified congenital malformations of female genitalia,
554,"ICD_Q529 Q529 Congenital malformation of female genitalia, unspecified",
555,ICD_Q53 Q53 Undescended and ectopic testicle,
556,ICD_Q530 Q530 Ectopic testis,
557,"ICD_Q5300 Q5300 Ectopic testis, unspecified",
558,"ICD_Q5301 Q5301 Ectopic testis, unilateral",
559,"ICD_Q5302 Q5302 Ectopic testes, bilateral",
560,"ICD_Q531 Q531 Undescended testicle, unilateral",
561,"ICD_Q5310 Q5310 Unspecified undescended testicle, unilateral",
562,"ICD_Q5311 Q5311 Abdominal testis, unilateral",
563,ICD_Q53111 Q53111 Unilateral intraabdominal testis,
564,ICD_Q53112 Q53112 Unilateral inguinal testis,
565,"ICD_Q5312 Q5312 Ectopic perineal testis, unilateral",
566,ICD_Q5313 Q5313 Unilateral high scrotal testis,
567,"ICD_Q532 Q532 Undescended testicle, bilateral",
568,"ICD_Q5320 Q5320 Undescended testicle, unspecified, bilateral",
569,"ICD_Q5321 Q5321 Abdominal testis, bilateral",
570,ICD_Q53211 Q53211 Bilateral intraabdominal testes,
571,ICD_Q53212 Q53212 Bilateral inguinal testes,
572,"ICD_Q5322 Q5322 Ectopic perineal testis, bilateral",
573,ICD_Q5323 Q5323 Bilateral high scrotal testes,
574,"ICD_Q539 Q539 Undescended testicle, unspecified",
575,ICD_Q54 Q54 Hypospadias,
576,"ICD_Q540 Q540 Hypospadias, balanic",
577,"ICD_Q541 Q541 Hypospadias, penile",
578,"ICD_Q542 Q542 Hypospadias, penoscrotal",
579,"ICD_Q543 Q543 Hypospadias, perineal",
580,ICD_Q544 Q544 Congenital chordee,
581,ICD_Q548 Q548 Other hypospadias,
582,"ICD_Q549 Q549 Hypospadias, unspecified",
583,ICD_Q55 Q55 Other congenital malformations of male genital organs,
584,ICD_Q550 Q550 Absence and aplasia of testis,
585,ICD_Q551 Q551 Hypoplasia of testis and scrotum,
586,ICD_Q552 Q552 Other and unspecified congenital malformations of testis and scrotum,
587,ICD_Q5520 Q5520 Unspecified congenital malformations of testis and scrotum,
588,ICD_Q5521 Q5521 Polyorchism,
589,ICD_Q5522 Q5522 Retractile testis,
590,ICD_Q5523 Q5523 Scrotal transposition,
591,ICD_Q5529 Q5529 Other congenital malformations of testis and scrotum,
592,ICD_Q553 Q553 Atresia of vas deferens,
593,"ICD_Q554 Q554 Other congenital malformations of vas deferens, epididymis, seminal vesicles and prostate",
594,ICD_Q555 Q555 Congenital absence and aplasia of penis,
595,ICD_Q556 Q556 Other congenital malformations of penis,
596,ICD_Q5561 Q5561 Curvature of penis (lateral),
597,ICD_Q5562 Q5562 Hypoplasia of penis,
598,ICD_Q5563 Q5563 Congenital torsion of penis,
599,ICD_Q5564 Q5564 Hidden penis,
600,ICD_Q5569 Q5569 Other congenital malformation of penis,
601,ICD_Q557 Q557 Congenital vasocutaneous fistula,
602,ICD_Q558 Q558 Other specified congenital malformations of male genital organs,
603,"ICD_Q559 Q559 Congenital malformation of male genital organ, unspecified",
604,ICD_Q56 Q56 Indeterminate sex and pseudohermaphroditism,
605,"ICD_Q560 Q560 Hermaphroditism, not elsewhere classified",
606,"ICD_Q561 Q561 Male pseudohermaphroditism, not elsewhere classified",
607,"ICD_Q562 Q562 Female pseudohermaphroditism, not elsewhere classified",
608,"ICD_Q563 Q563 Pseudohermaphroditism, unspecified",
609,"ICD_Q564 Q564 Indeterminate sex, unspecified",
610,ICD_Q60 Q60 Renal agenesis and other reduction defects of kidney,URINARY
611,"ICD_Q600 Q600 Renal agenesis, unilateral",
612,"ICD_Q601 Q601 Renal agenesis, bilateral",
613,"ICD_Q602 Q602 Renal agenesis, unspecified",
614,"ICD_Q603 Q603 Renal hypoplasia, unilateral",
615,"ICD_Q604 Q604 Renal hypoplasia, bilateral",
616,"ICD_Q605 Q605 Renal hypoplasia, unspecified",
617,ICD_Q606 Q606 Potter's syndrome,
618,ICD_Q61 Q61 Cystic kidney disease,
619,ICD_Q610 Q610 Congenital renal cyst,
620,"ICD_Q6100 Q6100 Congenital renal cyst, unspecified",
621,ICD_Q6101 Q6101 Congenital single renal cyst,
622,ICD_Q6102 Q6102 Congenital multiple renal cysts,
623,"ICD_Q611 Q611 Polycystic kidney, infantile type",
624,ICD_Q6111 Q6111 Cystic dilatation of collecting ducts,
625,"ICD_Q6119 Q6119 Other polycystic kidney, infantile type",
626,"ICD_Q612 Q612 Polycystic kidney, adult type",
627,"ICD_Q613 Q613 Polycystic kidney, unspecified",
628,ICD_Q614 Q614 Renal dysplasia,
629,ICD_Q615 Q615 Medullary cystic kidney,
630,ICD_Q618 Q618 Other cystic kidney diseases,
631,"ICD_Q619 Q619 Cystic kidney disease, unspecified",
632,ICD_Q62 Q62 Congenital obstructive defects of renal pelvis and congenital malformations of ureter,
633,ICD_Q620 Q620 Congenital hydronephrosis,
634,ICD_Q621 Q621 Congenital occlusion of ureter,
635,"ICD_Q6210 Q6210 Congenital occlusion of ureter, unspecified",
636,ICD_Q6211 Q6211 Congenital occlusion of ureteropelvic junction,
637,ICD_Q6212 Q6212 Congenital occlusion of ureterovesical orifice,
638,ICD_Q622 Q622 Congenital megaureter,
639,ICD_Q623 Q623 Other obstructive defects of renal pelvis and ureter,
640,"ICD_Q6231 Q6231 Congenital ureterocele, orthotopic",
641,ICD_Q6232 Q6232 Cecoureterocele,
642,ICD_Q6239 Q6239 Other obstructive defects of renal pelvis and ureter,
643,ICD_Q624 Q624 Agenesis of ureter,
644,ICD_Q625 Q625 Duplication of ureter,
645,ICD_Q626 Q626 Malposition of ureter,
646,"ICD_Q6260 Q6260 Malposition of ureter, unspecified",
647,ICD_Q6261 Q6261 Deviation of ureter,
648,ICD_Q6262 Q6262 Displacement of ureter,
649,ICD_Q6263 Q6263 Anomalous implantation of ureter,
650,ICD_Q6269 Q6269 Other malposition of ureter,
651,ICD_Q627 Q627 Congenital vesico-uretero-renal reflux,
652,ICD_Q628 Q628 Other congenital malformations of ureter,
653,ICD_Q63 Q63 Other congenital malformations of kidney,
654,ICD_Q630 Q630 Accessory kidney,
655,"ICD_Q631 Q631 Lobulated, fused and horseshoe kidney",
656,ICD_Q632 Q632 Ectopic kidney,
657,ICD_Q633 Q633 Hyperplastic and giant kidney,
658,ICD_Q638 Q638 Other specified congenital malformations of kidney,
659,"ICD_Q639 Q639 Congenital malformation of kidney, unspecified",
660,ICD_Q64 Q64 Other congenital malformations of urinary system,
661,ICD_Q640 Q640 Epispadias,
662,ICD_Q641 Q641 Exstrophy of urinary bladder,
663,"ICD_Q6410 Q6410 Exstrophy of urinary bladder, unspecified",
664,ICD_Q6412 Q6412 Cloacal exstrophy of urinary bladder,
665,ICD_Q6419 Q6419 Other exstrophy of urinary bladder,
666,ICD_Q642 Q642 Congenital posterior urethral valves,
667,ICD_Q643 Q643 Other atresia and stenosis of urethra and bladder neck,
668,ICD_Q6431 Q6431 Congenital bladder neck obstruction,
669,ICD_Q6432 Q6432 Congenital stricture of urethra,
670,ICD_Q6433 Q6433 Congenital stricture of urinary meatus,
671,ICD_Q6439 Q6439 Other atresia and stenosis of urethra and bladder neck,
672,ICD_Q644 Q644 Malformation of urachus,
673,ICD_Q645 Q645 Congenital absence of bladder and urethra,
674,ICD_Q646 Q646 Congenital diverticulum of bladder,
675,ICD_Q647 Q647 Other and unspecified congenital malformations of bladder and urethra,
676,ICD_Q6470 Q6470 Unspecified congenital malformation of bladder and urethra,
677,ICD_Q6471 Q6471 Congenital prolapse of urethra,
678,ICD_Q6472 Q6472 Congenital prolapse of urinary meatus,
679,ICD_Q6473 Q6473 Congenital urethrorectal fistula,
680,ICD_Q6474 Q6474 Double urethra,
681,ICD_Q6475 Q6475 Double urinary meatus,
682,ICD_Q6479 Q6479 Other congenital malformations of bladder and urethra,
683,ICD_Q648 Q648 Other specified congenital malformations of urinary system,
684,"ICD_Q649 Q649 Congenital malformation of urinary system, unspecified",
685,ICD_Q65 Q65 Congenital deformities of hip,SKELETON
686,"ICD_Q650 Q650 Congenital dislocation of hip, unilateral",
687,"ICD_Q6500 Q6500 Congenital dislocation of unspecified hip, unilateral",
688,"ICD_Q6501 Q6501 Congenital dislocation of right hip, unilateral",
689,"ICD_Q6502 Q6502 Congenital dislocation of left hip, unilateral",
690,"ICD_Q651 Q651 Congenital dislocation of hip, bilateral",
691,"ICD_Q652 Q652 Congenital dislocation of hip, unspecified",
692,"ICD_Q653 Q653 Congenital partial dislocation of hip, unilateral",
693,"ICD_Q6530 Q6530 Congenital partial dislocation of unspecified hip, unilateral",
694,"ICD_Q6531 Q6531 Congenital partial dislocation of right hip, unilateral",
695,"ICD_Q6532 Q6532 Congenital partial dislocation of left hip, unilateral",
696,"ICD_Q654 Q654 Congenital partial dislocation of hip, bilateral",
697,"ICD_Q655 Q655 Congenital partial dislocation of hip, unspecified",
698,ICD_Q656 Q656 Congenital unstable hip,
699,ICD_Q658 Q658 Other congenital deformities of hip,
700,ICD_Q6581 Q6581 Congenital coxa valga,
701,ICD_Q6582 Q6582 Congenital coxa vara,
702,ICD_Q6589 Q6589 Other specified congenital deformities of hip,
703,"ICD_Q659 Q659 Congenital deformity of hip, unspecified",
704,ICD_Q66 Q66 Congenital deformities of feet,
705,ICD_Q660 Q660 Congenital talipes equinovarus,
706,"ICD_Q6600 Q6600 Congenital talipes equinovarus, unspecified foot",
707,"ICD_Q6601 Q6601 Congenital talipes equinovarus, right foot",
708,"ICD_Q6602 Q6602 Congenital talipes equinovarus, left foot",
709,ICD_Q661 Q661 Congenital talipes calcaneovarus,
710,"ICD_Q6610 Q6610 Congenital talipes calcaneovarus, unspecified foot",
711,"ICD_Q6611 Q6611 Congenital talipes calcaneovarus, right foot",
712,"ICD_Q6612 Q6612 Congenital talipes calcaneovarus, left foot",
713,ICD_Q662 Q662 Congenital metatarsus (primus) varus,
714,ICD_Q6621 Q6621 Congenital metatarsus primus varus,
715,"ICD_Q66211 Q66211 Congenital metatarsus primus varus, right foot",
716,"ICD_Q66212 Q66212 Congenital metatarsus primus varus, left foot",
717,"ICD_Q66219 Q66219 Congenital metatarsus primus varus, unspecified foot",
718,ICD_Q6622 Q6622 Congenital metatarsus adductus,
719,"ICD_Q66221 Q66221 Congenital metatarsus adductus, right foot",
720,"ICD_Q66222 Q66222 Congenital metatarsus adductus, left foot",
721,"ICD_Q66229 Q66229 Congenital metatarsus adductus, unspecified foot",
722,ICD_Q663 Q663 Other congenital varus deformities of feet,
723,"ICD_Q6630 Q6630 Other congenital varus deformities of feet, unspecified foot",
724,"ICD_Q6631 Q6631 Other congenital varus deformities of feet, right foot",
725,"ICD_Q6632 Q6632 Other congenital varus deformities of feet, left foot",
726,ICD_Q664 Q664 Congenital talipes calcaneovalgus,
727,"ICD_Q6640 Q6640 Congenital talipes calcaneovalgus, unspecified foot",
728,"ICD_Q6641 Q6641 Congenital talipes calcaneovalgus, right foot",
729,"ICD_Q6642 Q6642 Congenital talipes calcaneovalgus, left foot",
730,ICD_Q665 Q665 Congenital pes planus,
731,"ICD_Q6650 Q6650 Congenital pes planus, unspecified foot",
732,"ICD_Q6651 Q6651 Congenital pes planus, right foot",
733,"ICD_Q6652 Q6652 Congenital pes planus, left foot",
734,ICD_Q666 Q666 Other congenital valgus deformities of feet,
735,ICD_Q667 Q667 Congenital pes cavus,
736,"ICD_Q6670 Q6670 Congenital pes cavus, unspecified foot",
737,"ICD_Q6671 Q6671 Congenital pes cavus, right foot",
738,"ICD_Q6672 Q6672 Congenital pes cavus, left foot",
739,ICD_Q668 Q668 Other congenital deformities of feet,
740,"ICD_Q6680 Q6680 Congenital vertical talus deformity, unspecified foot",
741,"ICD_Q6681 Q6681 Congenital vertical talus deformity, right foot",
742,"ICD_Q6682 Q6682 Congenital vertical talus deformity, left foot",
743,ICD_Q6689 Q6689 Other specified congenital deformities of feet,
744,"ICD_Q669 Q669 Congenital deformity of feet, unspecified",
745,"ICD_Q6690 Q6690 Congenital deformity of feet, unspecified, unspecified foot",
746,"ICD_Q6691 Q6691 Congenital deformity of feet, unspecified, right foot",
747,"ICD_Q6692 Q6692 Congenital deformity of feet, unspecified, left foot",
748,"ICD_Q67 Q67 Congenital musculoskeletal deformities of head, face, spine and chest",
749,ICD_Q670 Q670 Congenital facial asymmetry,
750,ICD_Q671 Q671 Congenital compression facies,
751,ICD_Q672 Q672 Dolichocephaly,
752,ICD_Q673 Q673 Plagiocephaly,
753,"ICD_Q674 Q674 Other congenital deformities of skull, face and jaw",
754,ICD_Q675 Q675 Congenital deformity of spine,
755,ICD_Q676 Q676 Pectus excavatum,
756,ICD_Q677 Q677 Pectus carinatum,
757,ICD_Q678 Q678 Other congenital deformities of chest,
758,ICD_Q68 Q68 Other congenital musculoskeletal deformities,
759,ICD_Q680 Q680 Congenital deformity of sternocleidomastoid muscle,
760,ICD_Q681 Q681 Congenital deformity of finger(s) and hand,
761,ICD_Q682 Q682 Congenital deformity of knee,
762,ICD_Q683 Q683 Congenital bowing of femur,
763,ICD_Q684 Q684 Congenital bowing of tibia and fibula,
764,"ICD_Q685 Q685 Congenital bowing of long bones of leg, unspecified",
765,ICD_Q686 Q686 Discoid meniscus,
766,ICD_Q688 Q688 Other specified congenital musculoskeletal deformities,
767,ICD_Q69 Q69 Polydactyly,
768,ICD_Q690 Q690 Accessory finger(s),
769,ICD_Q691 Q691 Accessory thumb(s),
770,ICD_Q692 Q692 Accessory toe(s),
771,"ICD_Q699 Q699 Polydactyly, unspecified",
772,ICD_Q70 Q70 Syndactyly,
773,ICD_Q700 Q700 Fused fingers,
774,"ICD_Q7000 Q7000 Fused fingers, unspecified hand",
775,"ICD_Q7001 Q7001 Fused fingers, right hand",
776,"ICD_Q7002 Q7002 Fused fingers, left hand",
777,"ICD_Q7003 Q7003 Fused fingers, bilateral",
778,ICD_Q701 Q701 Webbed fingers,
779,"ICD_Q7010 Q7010 Webbed fingers, unspecified hand",
780,"ICD_Q7011 Q7011 Webbed fingers, right hand",
781,"ICD_Q7012 Q7012 Webbed fingers, left hand",
782,"ICD_Q7013 Q7013 Webbed fingers, bilateral",
783,ICD_Q702 Q702 Fused toes,
784,"ICD_Q7020 Q7020 Fused toes, unspecified foot",
785,"ICD_Q7021 Q7021 Fused toes, right foot",
786,"ICD_Q7022 Q7022 Fused toes, left foot",
787,"ICD_Q7023 Q7023 Fused toes, bilateral",
788,ICD_Q703 Q703 Webbed toes,
789,"ICD_Q7030 Q7030 Webbed toes, unspecified foot",
790,"ICD_Q7031 Q7031 Webbed toes, right foot",
791,"ICD_Q7032 Q7032 Webbed toes, left foot",
792,"ICD_Q7033 Q7033 Webbed toes, bilateral",
793,"ICD_Q704 Q704 Polysyndactyly, unspecified",
794,"ICD_Q709 Q709 Syndactyly, unspecified",
795,ICD_Q71 Q71 Reduction defects of upper limb,
796,ICD_Q710 Q710 Congenital complete absence of upper limb,
797,ICD_Q7100 Q7100 Congenital complete absence of unspecified upper limb,
798,ICD_Q7101 Q7101 Congenital complete absence of right upper limb,
799,ICD_Q7102 Q7102 Congenital complete absence of left upper limb,
800,"ICD_Q7103 Q7103 Congenital complete absence of upper limb, bilateral",
801,ICD_Q711 Q711 Congenital absence of upper arm and forearm with hand present,
802,ICD_Q7110 Q7110 Congenital absence of unspecified upper arm and forearm with hand present,
803,ICD_Q7111 Q7111 Congenital absence of right upper arm and forearm with hand present,
804,ICD_Q7112 Q7112 Congenital absence of left upper arm and forearm with hand present,
805,"ICD_Q7113 Q7113 Congenital absence of upper arm and forearm with hand present, bilateral",
806,ICD_Q712 Q712 Congenital absence of both forearm and hand,
807,"ICD_Q7120 Q7120 Congenital absence of both forearm and hand, unspecified upper limb",
808,"ICD_Q7121 Q7121 Congenital absence of both forearm and hand, right upper limb",
809,"ICD_Q7122 Q7122 Congenital absence of both forearm and hand, left upper limb",
810,"ICD_Q7123 Q7123 Congenital absence of both forearm and hand, bilateral",
811,ICD_Q713 Q713 Congenital absence of hand and finger,
812,ICD_Q7130 Q7130 Congenital absence of unspecified hand and finger,
813,ICD_Q7131 Q7131 Congenital absence of right hand and finger,
814,ICD_Q7132 Q7132 Congenital absence of left hand and finger,
815,"ICD_Q7133 Q7133 Congenital absence of hand and finger, bilateral",
816,ICD_Q714 Q714 Longitudinal reduction defect of radius,
817,ICD_Q7140 Q7140 Longitudinal reduction defect of unspecified radius,
818,ICD_Q7141 Q7141 Longitudinal reduction defect of right radius,
819,ICD_Q7142 Q7142 Longitudinal reduction defect of left radius,
820,"ICD_Q7143 Q7143 Longitudinal reduction defect of radius, bilateral",
821,ICD_Q715 Q715 Longitudinal reduction defect of ulna,
822,ICD_Q7150 Q7150 Longitudinal reduction defect of unspecified ulna,
823,ICD_Q7151 Q7151 Longitudinal reduction defect of right ulna,
824,ICD_Q7152 Q7152 Longitudinal reduction defect of left ulna,
825,"ICD_Q7153 Q7153 Longitudinal reduction defect of ulna, bilateral",
826,ICD_Q716 Q716 Lobster-claw hand,
827,"ICD_Q7160 Q7160 Lobster-claw hand, unspecified hand",
828,ICD_Q7161 Q7161 Lobster-claw right hand,
829,ICD_Q7162 Q7162 Lobster-claw left hand,
830,"ICD_Q7163 Q7163 Lobster-claw hand, bilateral",
831,ICD_Q718 Q718 Other reduction defects of upper limb,
832,ICD_Q7181 Q7181 Congenital shortening of upper limb,
833,ICD_Q71811 Q71811 Congenital shortening of right upper limb,
834,ICD_Q71812 Q71812 Congenital shortening of left upper limb,
835,"ICD_Q71813 Q71813 Congenital shortening of upper limb, bilateral",
836,ICD_Q71819 Q71819 Congenital shortening of unspecified upper limb,
837,ICD_Q7189 Q7189 Other reduction defects of upper limb,
838,ICD_Q71891 Q71891 Other reduction defects of right upper limb,
839,ICD_Q71892 Q71892 Other reduction defects of left upper limb,
840,"ICD_Q71893 Q71893 Other reduction defects of upper limb, bilateral",
841,ICD_Q71899 Q71899 Other reduction defects of unspecified upper limb,
842,ICD_Q719 Q719 Unspecified reduction defect of upper limb,
843,ICD_Q7190 Q7190 Unspecified reduction defect of unspecified upper limb,
844,ICD_Q7191 Q7191 Unspecified reduction defect of right upper limb,
845,ICD_Q7192 Q7192 Unspecified reduction defect of left upper limb,
846,"ICD_Q7193 Q7193 Unspecified reduction defect of upper limb, bilateral",
847,ICD_Q72 Q72 Reduction defects of lower limb,
848,ICD_Q720 Q720 Congenital complete absence of lower limb,
849,ICD_Q7200 Q7200 Congenital complete absence of unspecified lower limb,
850,ICD_Q7201 Q7201 Congenital complete absence of right lower limb,
851,ICD_Q7202 Q7202 Congenital complete absence of left lower limb,
852,"ICD_Q7203 Q7203 Congenital complete absence of lower limb, bilateral",
853,ICD_Q721 Q721 Congenital absence of thigh and lower leg with foot present,
854,ICD_Q7210 Q7210 Congenital absence of unspecified thigh and lower leg with foot present,
855,ICD_Q7211 Q7211 Congenital absence of right thigh and lower leg with foot present,
856,ICD_Q7212 Q7212 Congenital absence of left thigh and lower leg with foot present,
857,"ICD_Q7213 Q7213 Congenital absence of thigh and lower leg with foot present, bilateral",
858,ICD_Q722 Q722 Congenital absence of both lower leg and foot,
859,"ICD_Q7220 Q7220 Congenital absence of both lower leg and foot, unspecified lower limb",
860,"ICD_Q7221 Q7221 Congenital absence of both lower leg and foot, right lower limb",
861,"ICD_Q7222 Q7222 Congenital absence of both lower leg and foot, left lower limb",
862,"ICD_Q7223 Q7223 Congenital absence of both lower leg and foot, bilateral",
863,ICD_Q723 Q723 Congenital absence of foot and toe(s),
864,ICD_Q7230 Q7230 Congenital absence of unspecified foot and toe(s),
865,ICD_Q7231 Q7231 Congenital absence of right foot and toe(s),
866,ICD_Q7232 Q7232 Congenital absence of left foot and toe(s),
867,"ICD_Q7233 Q7233 Congenital absence of foot and toe(s), bilateral",
868,ICD_Q724 Q724 Longitudinal reduction defect of femur,
869,ICD_Q7240 Q7240 Longitudinal reduction defect of unspecified femur,
870,ICD_Q7241 Q7241 Longitudinal reduction defect of right femur,
871,ICD_Q7242 Q7242 Longitudinal reduction defect of left femur,
872,"ICD_Q7243 Q7243 Longitudinal reduction defect of femur, bilateral",
873,ICD_Q725 Q725 Longitudinal reduction defect of tibia,
874,ICD_Q7250 Q7250 Longitudinal reduction defect of unspecified tibia,
875,ICD_Q7251 Q7251 Longitudinal reduction defect of right tibia,
876,ICD_Q7252 Q7252 Longitudinal reduction defect of left tibia,
877,"ICD_Q7253 Q7253 Longitudinal reduction defect of tibia, bilateral",
878,ICD_Q726 Q726 Longitudinal reduction defect of fibula,
879,ICD_Q7260 Q7260 Longitudinal reduction defect of unspecified fibula,
880,ICD_Q7261 Q7261 Longitudinal reduction defect of right fibula,
881,ICD_Q7262 Q7262 Longitudinal reduction defect of left fibula,
882,"ICD_Q7263 Q7263 Longitudinal reduction defect of fibula, bilateral",
883,ICD_Q727 Q727 Split foot,
884,"ICD_Q7270 Q7270 Split foot, unspecified lower limb",
885,"ICD_Q7271 Q7271 Split foot, right lower limb",
886,"ICD_Q7272 Q7272 Split foot, left lower limb",
887,"ICD_Q7273 Q7273 Split foot, bilateral",
888,ICD_Q728 Q728 Other reduction defects of lower limb,
889,ICD_Q7281 Q7281 Congenital shortening of lower limb,
890,ICD_Q72811 Q72811 Congenital shortening of right lower limb,
891,ICD_Q72812 Q72812 Congenital shortening of left lower limb,
892,"ICD_Q72813 Q72813 Congenital shortening of lower limb, bilateral",
893,ICD_Q72819 Q72819 Congenital shortening of unspecified lower limb,
894,ICD_Q7289 Q7289 Other reduction defects of lower limb,
895,ICD_Q72891 Q72891 Other reduction defects of right lower limb,
896,ICD_Q72892 Q72892 Other reduction defects of left lower limb,
897,"ICD_Q72893 Q72893 Other reduction defects of lower limb, bilateral",
898,ICD_Q72899 Q72899 Other reduction defects of unspecified lower limb,
899,ICD_Q729 Q729 Unspecified reduction defect of lower limb,
900,ICD_Q7290 Q7290 Unspecified reduction defect of unspecified lower limb,
901,ICD_Q7291 Q7291 Unspecified reduction defect of right lower limb,
902,ICD_Q7292 Q7292 Unspecified reduction defect of left lower limb,
903,"ICD_Q7293 Q7293 Unspecified reduction defect of lower limb, bilateral",
904,ICD_Q73 Q73 Reduction defects of unspecified limb,
905,ICD_Q730 Q730 Congenital absence of unspecified limb(s),
906,"ICD_Q731 Q731 Phocomelia, unspecified limb(s)",
907,ICD_Q738 Q738 Other reduction defects of unspecified limb(s),
908,ICD_Q74 Q74 Other congenital malformations of limb(s),
909,"ICD_Q740 Q740 Other congenital malformations of upper limb(s), including shoulder girdle",
910,ICD_Q741 Q741 Congenital malformation of knee,
911,"ICD_Q742 Q742 Other congenital malformations of lower limb(s), including pelvic girdle",
912,ICD_Q743 Q743 Arthrogryposis multiplex congenita,
913,ICD_Q748 Q748 Other specified congenital malformations of limb(s),
914,ICD_Q749 Q749 Unspecified congenital malformation of limb(s),
915,ICD_Q75 Q75 Other congenital malformations of skull and face bones,
916,ICD_Q750 Q750 Craniosynostosis,
917,ICD_Q751 Q751 Craniofacial dysostosis,
918,ICD_Q752 Q752 Hypertelorism,
919,ICD_Q753 Q753 Macrocephaly,
920,ICD_Q754 Q754 Mandibulofacial dysostosis,
921,ICD_Q755 Q755 Oculomandibular dysostosis,
922,ICD_Q758 Q758 Other specified congenital malformations of skull and face bones,
923,"ICD_Q759 Q759 Congenital malformation of skull and face bones, unspecified",
924,ICD_Q76 Q76 Congenital malformations of spine and bony thorax,
925,ICD_Q760 Q760 Spina bifida occulta,
926,ICD_Q761 Q761 Klippel-Feil syndrome,
927,ICD_Q762 Q762 Congenital spondylolisthesis,
928,ICD_Q763 Q763 Congenital scoliosis due to congenital bony malformation,
929,"ICD_Q764 Q764 Other congenital malformations of spine, not associated with scoliosis",
930,ICD_Q7641 Q7641 Congenital kyphosis,
931,"ICD_Q76411 Q76411 Congenital kyphosis, occipito-atlanto-axial region",
932,"ICD_Q76412 Q76412 Congenital kyphosis, cervical region",
933,"ICD_Q76413 Q76413 Congenital kyphosis, cervicothoracic region",
934,"ICD_Q76414 Q76414 Congenital kyphosis, thoracic region",
935,"ICD_Q76415 Q76415 Congenital kyphosis, thoracolumbar region",
936,"ICD_Q76419 Q76419 Congenital kyphosis, unspecified region",
937,ICD_Q7642 Q7642 Congenital lordosis,
938,"ICD_Q76425 Q76425 Congenital lordosis, thoracolumbar region",
939,"ICD_Q76426 Q76426 Congenital lordosis, lumbar region",
940,"ICD_Q76427 Q76427 Congenital lordosis, lumbosacral region",
941,"ICD_Q76428 Q76428 Congenital lordosis, sacral and sacrococcygeal region",
942,"ICD_Q76429 Q76429 Congenital lordosis, unspecified region",
943,"ICD_Q7649 Q7649 Other congenital malformations of spine, not associated with scoliosis",
944,ICD_Q765 Q765 Cervical rib,
945,ICD_Q766 Q766 Other congenital malformations of ribs,
946,ICD_Q767 Q767 Congenital malformation of sternum,
947,ICD_Q768 Q768 Other congenital malformations of bony thorax,
948,"ICD_Q769 Q769 Congenital malformation of bony thorax, unspecified",
949,ICD_Q77 Q77 Osteochondrodysplasia with defects of growth of tubular bones and spine,
950,ICD_Q770 Q770 Achondrogenesis,
951,ICD_Q771 Q771 Thanatophoric short stature,
952,ICD_Q772 Q772 Short rib syndrome,
953,ICD_Q773 Q773 Chondrodysplasia punctata,
954,ICD_Q774 Q774 Achondroplasia,
955,ICD_Q775 Q775 Diastrophic dysplasia,
956,ICD_Q776 Q776 Chondroectodermal dysplasia,
957,ICD_Q777 Q777 Spondyloepiphyseal dysplasia,
958,ICD_Q778 Q778 Other osteochondrodysplasia with defects of growth of tubular bones and spine,
959,"ICD_Q779 Q779 Osteochondrodysplasia with defects of growth of tubular bones and spine, unspecified",
960,ICD_Q78 Q78 Other osteochondrodysplasias,
961,ICD_Q780 Q780 Osteogenesis imperfecta,
962,ICD_Q781 Q781 Polyostotic fibrous dysplasia,
963,ICD_Q782 Q782 Osteopetrosis,
964,ICD_Q783 Q783 Progressive diaphyseal dysplasia,
965,ICD_Q784 Q784 Enchondromatosis,
966,ICD_Q785 Q785 Metaphyseal dysplasia,
967,ICD_Q786 Q786 Multiple congenital exostoses,
968,ICD_Q788 Q788 Other specified osteochondrodysplasias,
969,"ICD_Q789 Q789 Osteochondrodysplasia, unspecified",
970,"ICD_Q79 Q79 Congenital malformations of musculoskeletal system, not elsewhere classified",
971,ICD_Q790 Q790 Congenital diaphragmatic hernia,
972,ICD_Q791 Q791 Other congenital malformations of diaphragm,
973,ICD_Q792 Q792 Exomphalos,
974,ICD_Q793 Q793 Gastroschisis,
975,ICD_Q794 Q794 Prune belly syndrome,
976,ICD_Q795 Q795 Other congenital malformations of abdominal wall,
977,ICD_Q7951 Q7951 Congenital hernia of bladder,
978,ICD_Q7959 Q7959 Other congenital malformations of abdominal wall,
979,ICD_Q796 Q796 Ehlers-Danlos syndromes,
980,"ICD_Q7960 Q7960 Ehlers-Danlos syndrome, unspecified",
981,ICD_Q7961 Q7961 Classical Ehlers-Danlos syndrome,
982,ICD_Q7962 Q7962 Hypermobile Ehlers-Danlos syndrome,
983,ICD_Q7963 Q7963 Vascular Ehlers-Danlos syndrome,
984,ICD_Q7969 Q7969 Other Ehlers-Danlos syndromes,
985,ICD_Q798 Q798 Other congenital malformations of musculoskeletal system,
986,"ICD_Q799 Q799 Congenital malformation of musculoskeletal system, unspecified",
987,ICD_Q80 Q80 Congenital ichthyosis,
988,ICD_Q800 Q800 Ichthyosis vulgaris,
989,ICD_Q801 Q801 X-linked ichthyosis,
990,ICD_Q802 Q802 Lamellar ichthyosis,
991,ICD_Q803 Q803 Congenital bullous ichthyosiform erythroderma,
992,ICD_Q804 Q804 Harlequin fetus,
993,ICD_Q808 Q808 Other congenital ichthyosis,
994,"ICD_Q809 Q809 Congenital ichthyosis, unspecified",
995,ICD_Q81 Q81 Epidermolysis bullosa,
996,ICD_Q810 Q810 Epidermolysis bullosa simplex,
997,ICD_Q811 Q811 Epidermolysis bullosa letalis,
998,ICD_Q812 Q812 Epidermolysis bullosa dystrophica,
999,ICD_Q818 Q818 Other epidermolysis bullosa,
1000,"ICD_Q819 Q819 Epidermolysis bullosa, unspecified",
1001,ICD_Q82 Q82 Other congenital malformations of skin,
1002,ICD_Q820 Q820 Hereditary lymphedema,
1003,ICD_Q821 Q821 Xeroderma pigmentosum,
1004,ICD_Q822 Q822 Congenital cutaneous mastocytosis,
1005,ICD_Q823 Q823 Incontinentia pigmenti,
1006,ICD_Q824 Q824 Ectodermal dysplasia (anhidrotic),
1007,ICD_Q825 Q825 Congenital non-neoplastic nevus,
1008,ICD_Q826 Q826 Congenital sacral dimple,
1009,ICD_Q828 Q828 Other specified congenital malformations of skin,
1010,"ICD_Q829 Q829 Congenital malformation of skin, unspecified",
1011,ICD_Q83 Q83 Congenital malformations of breast,
1012,ICD_Q830 Q830 Congenital absence of breast with absent nipple,
1013,ICD_Q831 Q831 Accessory breast,
1014,ICD_Q832 Q832 Absent nipple,
1015,ICD_Q833 Q833 Accessory nipple,
1016,ICD_Q838 Q838 Other congenital malformations of breast,
1017,"ICD_Q839 Q839 Congenital malformation of breast, unspecified",
1018,ICD_Q84 Q84 Other congenital malformations of integument,
1019,ICD_Q840 Q840 Congenital alopecia,
1020,"ICD_Q841 Q841 Congenital morphological disturbances of hair, not elsewhere classified",
1021,ICD_Q842 Q842 Other congenital malformations of hair,
1022,ICD_Q843 Q843 Anonychia,
1023,ICD_Q844 Q844 Congenital leukonychia,
1024,ICD_Q845 Q845 Enlarged and hypertrophic nails,
1025,ICD_Q846 Q846 Other congenital malformations of nails,
1026,ICD_Q848 Q848 Other specified congenital malformations of integument,
1027,"ICD_Q849 Q849 Congenital malformation of integument, unspecified",
1028,"ICD_Q85 Q85 Phakomatoses, not elsewhere classified",
1029,ICD_Q850 Q850 Neurofibromatosis (nonmalignant),
1030,"ICD_Q8500 Q8500 Neurofibromatosis, unspecified",
1031,"ICD_Q8501 Q8501 Neurofibromatosis, type 1",
1032,"ICD_Q8502 Q8502 Neurofibromatosis, type 2",
1033,ICD_Q8503 Q8503 Schwannomatosis,
1034,ICD_Q8509 Q8509 Other neurofibromatosis,
1035,ICD_Q851 Q851 Tuberous sclerosis,
1036,"ICD_Q858 Q858 Other phakomatoses, not elsewhere classified",
1037,"ICD_Q859 Q859 Phakomatosis, unspecified",
1038,"ICD_Q86 Q86 Congenital malformation syndromes due to known exogenous causes, not elsewhere classified",
1039,ICD_Q860 Q860 Fetal alcohol syndrome (dysmorphic),
1040,ICD_Q861 Q861 Fetal hydantoin syndrome,
1041,ICD_Q862 Q862 Dysmorphism due to warfarin,
1042,ICD_Q868 Q868 Other congenital malformation syndromes due to known exogenous causes,
1043,ICD_Q87 Q87 Other specified congenital malformation syndromes affecting multiple systems,
1044,ICD_Q870 Q870 Congenital malformation syndromes predominantly affecting facial appearance,
1045,ICD_Q871 Q871 Congenital malformation syndromes predominantly associated with short stature,
1046,ICD_Q8711 Q8711 Prader-Willi syndrome,
1047,ICD_Q8719 Q8719 Other congenital malformation syndromes predominantly associated with short stature,
1048,ICD_Q872 Q872 Congenital malformation syndromes predominantly involving limbs,
1049,ICD_Q873 Q873 Congenital malformation syndromes involving early overgrowth,
1050,ICD_Q874 Q874 Marfan syndrome,
1051,"ICD_Q8740 Q8740 Marfan syndrome, unspecified",
1052,ICD_Q8741 Q8741 Marfan syndrome with cardiovascular manifestations,
1053,ICD_Q87410 Q87410 Marfan syndrome with aortic dilation,
1054,ICD_Q87418 Q87418 Marfan syndrome with other cardiovascular manifestations,
1055,ICD_Q8742 Q8742 Marfan syndrome with ocular manifestations,
1056,ICD_Q8743 Q8743 Marfan syndrome with skeletal manifestation,
1057,ICD_Q875 Q875 Other congenital malformation syndromes with other skeletal changes,
1058,"ICD_Q878 Q878 Other specified congenital malformation syndromes, not elsewhere classified",
1059,ICD_Q8781 Q8781 Alport syndrome,
1060,ICD_Q8782 Q8782 Arterial tortuosity syndrome,
1061,"ICD_Q8789 Q8789 Other specified congenital malformation syndromes, not elsewhere classified",
1062,"ICD_Q89 Q89 Other congenital malformations, not elsewhere classified",
1063,ICD_Q890 Q890 Congenital absence and malformations of spleen,
1064,ICD_Q8901 Q8901 Asplenia (congenital),
1065,ICD_Q8909 Q8909 Congenital malformations of spleen,
1066,ICD_Q891 Q891 Congenital malformations of adrenal gland,
1067,ICD_Q892 Q892 Congenital malformations of other endocrine glands,
1068,ICD_Q893 Q893 Situs inversus,
1069,ICD_Q894 Q894 Conjoined twins,
1070,"ICD_Q897 Q897 Multiple congenital malformations, not elsewhere classified",
1071,ICD_Q898 Q898 Other specified congenital malformations,
1072,"ICD_Q899 Q899 Congenital malformation, unspecified",
1073,ICD_Q90 Q90 Down syndrome,
1074,"ICD_Q900 Q900 Trisomy 21, nonmosaicism (meiotic nondisjunction)",
1075,"ICD_Q901 Q901 Trisomy 21, mosaicism (mitotic nondisjunction)",
1076,"ICD_Q902 Q902 Trisomy 21, translocation",
1077,"ICD_Q909 Q909 Down syndrome, unspecified",
1078,ICD_Q91 Q91 Trisomy 18 and Trisomy 13,
1079,"ICD_Q910 Q910 Trisomy 18, nonmosaicism (meiotic nondisjunction)",
1080,"ICD_Q911 Q911 Trisomy 18, mosaicism (mitotic nondisjunction)",
1081,"ICD_Q912 Q912 Trisomy 18, translocation",
1082,"ICD_Q913 Q913 Trisomy 18, unspecified",
1083,"ICD_Q914 Q914 Trisomy 13, nonmosaicism (meiotic nondisjunction)",
1084,"ICD_Q915 Q915 Trisomy 13, mosaicism (mitotic nondisjunction)",
1085,"ICD_Q916 Q916 Trisomy 13, translocation",
1086,"ICD_Q917 Q917 Trisomy 13, unspecified",
1087,"ICD_Q92 Q92 Other trisomies and partial trisomies of the autosomes, not elsewhere classified",
1088,"ICD_Q920 Q920 Whole chromosome trisomy, nonmosaicism (meiotic nondisjunction)",
1089,"ICD_Q921 Q921 Whole chromosome trisomy, mosaicism (mitotic nondisjunction)",
1090,ICD_Q922 Q922 Partial trisomy,
1091,ICD_Q925 Q925 Duplications with other complex rearrangements,
1092,ICD_Q926 Q926 Marker chromosomes,
1093,ICD_Q9261 Q9261 Marker chromosomes in normal individual,
1094,ICD_Q9262 Q9262 Marker chromosomes in abnormal individual,
1095,ICD_Q927 Q927 Triploidy and polyploidy,
1096,ICD_Q928 Q928 Other specified trisomies and partial trisomies of autosomes,
1097,"ICD_Q929 Q929 Trisomy and partial trisomy of autosomes, unspecified",
1098,"ICD_Q93 Q93 Monosomies and deletions from the autosomes, not elsewhere classified",
1099,"ICD_Q930 Q930 Whole chromosome monosomy, nonmosaicism (meiotic nondisjunction)",
1100,"ICD_Q931 Q931 Whole chromosome monosomy, mosaicism (mitotic nondisjunction)",
1101,"ICD_Q932 Q932 Chromosome replaced with ring, dicentric or isochromosome",
1102,ICD_Q933 Q933 Deletion of short arm of chromosome 4,
1103,ICD_Q934 Q934 Deletion of short arm of chromosome 5,
1104,ICD_Q935 Q935 Other deletions of part of a chromosome,
1105,ICD_Q9351 Q9351 Angelman syndrome,
1106,ICD_Q9359 Q9359 Other deletions of part of a chromosome,
1107,ICD_Q937 Q937 Deletions with other complex rearrangements,
1108,ICD_Q938 Q938 Other deletions from the autosomes,
1109,ICD_Q9381 Q9381 Velo-cardio-facial syndrome,
1110,ICD_Q9382 Q9382 Williams syndrome,
1111,ICD_Q9388 Q9388 Other microdeletions,
1112,ICD_Q9389 Q9389 Other deletions from the autosomes,
1113,"ICD_Q939 Q939 Deletion from autosomes, unspecified",
1114,"ICD_Q95 Q95 Balanced rearrangements and structural markers, not elsewhere classified",
1115,ICD_Q950 Q950 Balanced translocation and insertion in normal individual,
1116,ICD_Q951 Q951 Chromosome inversion in normal individual,
1117,ICD_Q952 Q952 Balanced autosomal rearrangement in abnormal individual,
1118,ICD_Q953 Q953 Balanced sex/autosomal rearrangement in abnormal individual,
1119,ICD_Q955 Q955 Individual with autosomal fragile site,
1120,ICD_Q958 Q958 Other balanced rearrangements and structural markers,
1121,"ICD_Q959 Q959 Balanced rearrangement and structural marker, unspecified",
1122,ICD_Q96 Q96 Turner's syndrome,
1123,"ICD_Q960 Q960 Karyotype 45, X",
1124,"ICD_Q961 Q961 Karyotype 46, X iso (Xq)",
1125,"ICD_Q962 Q962 Karyotype 46, X with abnormal sex chromosome, except iso (Xq)",
1126,"ICD_Q963 Q963 Mosaicism, 45, X/46, XX or XY",
1127,"ICD_Q964 Q964 Mosaicism, 45, X/other cell line(s) with abnormal sex chromosome",
1128,ICD_Q968 Q968 Other variants of Turner's syndrome,
1129,"ICD_Q969 Q969 Turner's syndrome, unspecified",
1130,"ICD_Q97 Q97 Other sex chromosome abnormalities, female phenotype, not elsewhere classified",
1131,"ICD_Q970 Q970 Karyotype 47, XXX",
1132,ICD_Q971 Q971 Female with more than three X chromosomes,
1133,"ICD_Q972 Q972 Mosaicism, lines with various numbers of X chromosomes",
1134,"ICD_Q973 Q973 Female with 46, XY karyotype",
1135,"ICD_Q978 Q978 Other specified sex chromosome abnormalities, female phenotype",
1136,"ICD_Q979 Q979 Sex chromosome abnormality, female phenotype, unspecified",
1137,"ICD_Q98 Q98 Other sex chromosome abnormalities, male phenotype, not elsewhere classified",
1138,"ICD_Q980 Q980 Klinefelter syndrome karyotype 47, XXY",
1139,"ICD_Q981 Q981 Klinefelter syndrome, male with more than two X chromosomes",
1140,"ICD_Q983 Q983 Other male with 46, XX karyotype",
1141,"ICD_Q984 Q984 Klinefelter syndrome, unspecified",
1142,"ICD_Q985 Q985 Karyotype 47, XYY",
1143,ICD_Q986 Q986 Male with structurally abnormal sex chromosome,
1144,ICD_Q987 Q987 Male with sex chromosome mosaicism,
1145,"ICD_Q988 Q988 Other specified sex chromosome abnormalities, male phenotype",
1146,"ICD_Q989 Q989 Sex chromosome abnormality, male phenotype, unspecified",
1147,"ICD_Q99 Q99 Other chromosome abnormalities, not elsewhere classified",
1148,"ICD_Q990 Q990 Chimera 46, XX/46, XY",
1149,"ICD_Q991 Q991 46, XX true hermaphrodite",
1150,ICD_Q992 Q992 Fragile X chromosome,
1151,ICD_Q998 Q998 Other specified chromosome abnormalities,
1152,"ICD_Q999 Q999 Chromosomal abnormality, unspecified",
1153,ICD_R3983 R3983 Unilateral non-palpable testicle,
1154,ICD_R3984 R3984 Bilateral non-palpable testicles,
1155,ICD_Z371 Z371 Single stillbirth,
1156,"ICD_Z373 Z373 Twins, one liveborn and one stillborn",
1157,"ICD_Z374 Z374 Twins, both stillborn",
1158,"ICD_Z376 Z376 Other multiple births, some liveborn",
1159,"ICD_Z3760 Z3760 Multiple births, unspecified, some liveborn",
1160,"ICD_Z3761 Z3761 Triplets, some liveborn",
1161,"ICD_Z3763 Z3763 Quintuplets, some liveborn",
1162,"ICD_Z3769 Z3769 Other multiple births, some liveborn",
1163,"ICD_Z377 Z377 Other multiple births, all stillborn",